{
  "CELL_CENTER": {
    "avg_ttt": 138.4516129032258,
    "std_ttt": 46.91986216028856,
    "min_ttt": 100,
    "max_ttt": 240,
    "avg_hys": 2.425806451612903,
    "std_hys": 0.9311691374498092,
    "min_hys": 1.0,
    "max_hys": 5.0,
    "avg_velocity": 2.0,
    "avg_distance": 229.7182494623656,
    "sample_count": 465
  },
  "CRITICAL_ZONE": {
    "avg_ttt": 184.0,
    "std_ttt": 32.0,
    "min_ttt": 160,
    "max_ttt": 240,
    "avg_hys": 2.5,
    "std_hys": 0.0,
    "min_hys": 2.5,
    "max_hys": 2.5,
    "avg_velocity": 2.0,
    "avg_distance": 485.48940000000005,
    "sample_count": 5
  },
  "HANDOFF_ZONE": {
    "avg_ttt": 131.42857142857142,
    "std_ttt": 46.114321118768494,
    "min_ttt": 100,
    "max_ttt": 240,
    "avg_hys": 2.3035714285714284,
    "std_hys": 0.48805894173987313,
    "min_hys": 1.5,
    "max_hys": 3.0,
    "avg_velocity": 2.0,
    "avg_distance": 428.2878214285714,
    "sample_count": 28
  },
  "EDGE_ZONE": {
    "avg_ttt": 122.85714285714286,
    "std_ttt": 37.688302737922626,
    "min_ttt": 100,
    "max_ttt": 200,
    "avg_hys": 2.5,
    "std_hys": 0.8017837257372732,
    "min_hys": 1.5,
    "max_hys": 4.0,
    "avg_velocity": 2.0,
    "avg_distance": 595.3172857142857,
    "sample_count": 14
  }
}