{
  "CELL_CENTER": {
    "avg_ttt": 109.42857142857143,
    "std_ttt": 21.836124347754854,
    "min_ttt": 100,
    "max_ttt": 160,
    "avg_hys": 1.1683673469387754,
    "std_hys": 0.4024407520788341,
    "min_hys": 1.0,
    "max_hys": 3.0,
    "avg_velocity": 20.0,
    "avg_distance": 168.40655714285714,
    "sample_count": 490
  },
  "HANDOFF_ZONE": {
    "avg_ttt": 109.47368421052632,
    "std_ttt": 21.87853651665951,
    "min_ttt": 100,
    "max_ttt": 160,
    "avg_hys": 1.131578947368421,
    "std_hys": 0.2734817064582438,
    "min_hys": 1.0,
    "max_hys": 2.0,
    "avg_velocity": 20.0,
    "avg_distance": 390.34736842105264,
    "sample_count": 19
  },
  "EDGE_ZONE": {
    "avg_ttt": 100.0,
    "std_ttt": 0.0,
    "min_ttt": 100,
    "max_ttt": 100,
    "avg_hys": 1.0,
    "std_hys": 0.0,
    "min_hys": 1.0,
    "max_hys": 1.0,
    "avg_velocity": 20.0,
    "avg_distance": 556.0713333333333,
    "sample_count": 3
  }
}